<?xml version="1.0" encoding="UTF-8"?>
<config xmlns="http://www.knime.org/2008/09/XMLConfig" xmlns:xsi="http://www.w3.org/2001/XMLSchema-instance" xsi:schemaLocation="http://www.knime.org/2008/09/XMLConfig http://www.knime.org/XMLConfig_2008_09.xsd" key="MiningSchema">
<config key="learning">
<entry key="array-size" type="xint" value="286"/>
<entry key="0" type="xstring" value="amount"/>
<entry key="1" type="xstring" value="MX_issuercountrycode"/>
<entry key="2" type="xstring" value="SA_issuercountrycode"/>
<entry key="3" type="xstring" value="CA_issuercountrycode"/>
<entry key="4" type="xstring" value="AR_issuercountrycode"/>
<entry key="5" type="xstring" value="CL_issuercountrycode"/>
<entry key="6" type="xstring" value="CO_issuercountrycode"/>
<entry key="7" type="xstring" value="FR_issuercountrycode"/>
<entry key="8" type="xstring" value="US_issuercountrycode"/>
<entry key="9" type="xstring" value="JP_issuercountrycode"/>
<entry key="10" type="xstring" value="AE_issuercountrycode"/>
<entry key="11" type="xstring" value="EC_issuercountrycode"/>
<entry key="12" type="xstring" value="PA_issuercountrycode"/>
<entry key="13" type="xstring" value="ES_issuercountrycode"/>
<entry key="14" type="xstring" value="UY_issuercountrycode"/>
<entry key="15" type="xstring" value="IT_issuercountrycode"/>
<entry key="16" type="xstring" value="CN_issuercountrycode"/>
<entry key="17" type="xstring" value="AU_issuercountrycode"/>
<entry key="18" type="xstring" value="BR_issuercountrycode"/>
<entry key="19" type="xstring" value="NZ_issuercountrycode"/>
<entry key="20" type="xstring" value="ID_issuercountrycode"/>
<entry key="21" type="xstring" value="SE_issuercountrycode"/>
<entry key="22" type="xstring" value="GB_issuercountrycode"/>
<entry key="23" type="xstring" value="TH_issuercountrycode"/>
<entry key="24" type="xstring" value="SG_issuercountrycode"/>
<entry key="25" type="xstring" value="IL_issuercountrycode"/>
<entry key="26" type="xstring" value="KR_issuercountrycode"/>
<entry key="27" type="xstring" value="LK_issuercountrycode"/>
<entry key="28" type="xstring" value="NO_issuercountrycode"/>
<entry key="29" type="xstring" value="PH_issuercountrycode"/>
<entry key="30" type="xstring" value="BH_issuercountrycode"/>
<entry key="31" type="xstring" value="IN_issuercountrycode"/>
<entry key="32" type="xstring" value="AT_issuercountrycode"/>
<entry key="33" type="xstring" value="HK_issuercountrycode"/>
<entry key="34" type="xstring" value="VN_issuercountrycode"/>
<entry key="35" type="xstring" value="MO_issuercountrycode"/>
<entry key="36" type="xstring" value="ZA_issuercountrycode"/>
<entry key="37" type="xstring" value="MY_issuercountrycode"/>
<entry key="38" type="xstring" value="DE_issuercountrycode"/>
<entry key="39" type="xstring" value="PK_issuercountrycode"/>
<entry key="40" type="xstring" value="IE_issuercountrycode"/>
<entry key="41" type="xstring" value="CH_issuercountrycode"/>
<entry key="42" type="xstring" value="TW_issuercountrycode"/>
<entry key="43" type="xstring" value="RU_issuercountrycode"/>
<entry key="44" type="xstring" value="FJ_issuercountrycode"/>
<entry key="45" type="xstring" value="DK_issuercountrycode"/>
<entry key="46" type="xstring" value="FI_issuercountrycode"/>
<entry key="47" type="xstring" value="RS_issuercountrycode"/>
<entry key="48" type="xstring" value="QA_issuercountrycode"/>
<entry key="49" type="xstring" value="KH_issuercountrycode"/>
<entry key="50" type="xstring" value="LU_issuercountrycode"/>
<entry key="51" type="xstring" value="LB_issuercountrycode"/>
<entry key="52" type="xstring" value="CK_issuercountrycode"/>
<entry key="53" type="xstring" value="SB_issuercountrycode"/>
<entry key="54" type="xstring" value="NL_issuercountrycode"/>
<entry key="55" type="xstring" value="JO_issuercountrycode"/>
<entry key="56" type="xstring" value="ZM_issuercountrycode"/>
<entry key="57" type="xstring" value="AO_issuercountrycode"/>
<entry key="58" type="xstring" value="TZ_issuercountrycode"/>
<entry key="59" type="xstring" value="PL_issuercountrycode"/>
<entry key="60" type="xstring" value="NG_issuercountrycode"/>
<entry key="61" type="xstring" value="RO_issuercountrycode"/>
<entry key="62" type="xstring" value="HU_issuercountrycode"/>
<entry key="63" type="xstring" value="EG_issuercountrycode"/>
<entry key="64" type="xstring" value="UA_issuercountrycode"/>
<entry key="65" type="xstring" value="LT_issuercountrycode"/>
<entry key="66" type="xstring" value="TR_issuercountrycode"/>
<entry key="67" type="xstring" value="LA_issuercountrycode"/>
<entry key="68" type="xstring" value="IQ_issuercountrycode"/>
<entry key="69" type="xstring" value="BG_issuercountrycode"/>
<entry key="70" type="xstring" value="PT_issuercountrycode"/>
<entry key="71" type="xstring" value="GE_issuercountrycode"/>
<entry key="72" type="xstring" value="GI_issuercountrycode"/>
<entry key="73" type="xstring" value="LV_issuercountrycode"/>
<entry key="74" type="xstring" value="KZ_issuercountrycode"/>
<entry key="75" type="xstring" value="KW_issuercountrycode"/>
<entry key="76" type="xstring" value="BM_issuercountrycode"/>
<entry key="77" type="xstring" value="OM_issuercountrycode"/>
<entry key="78" type="xstring" value="KE_issuercountrycode"/>
<entry key="79" type="xstring" value="CY_issuercountrycode"/>
<entry key="80" type="xstring" value="SK_issuercountrycode"/>
<entry key="81" type="xstring" value="ZZ_issuercountrycode"/>
<entry key="82" type="xstring" value="AL_issuercountrycode"/>
<entry key="83" type="xstring" value="MT_issuercountrycode"/>
<entry key="84" type="xstring" value="BA_issuercountrycode"/>
<entry key="85" type="xstring" value="GH_issuercountrycode"/>
<entry key="86" type="xstring" value="PE_issuercountrycode"/>
<entry key="87" type="xstring" value="MU_issuercountrycode"/>
<entry key="88" type="xstring" value="MD_issuercountrycode"/>
<entry key="89" type="xstring" value="SL_issuercountrycode"/>
<entry key="90" type="xstring" value="CR_issuercountrycode"/>
<entry key="91" type="xstring" value="BN_issuercountrycode"/>
<entry key="92" type="xstring" value="LY_issuercountrycode"/>
<entry key="93" type="xstring" value="HN_issuercountrycode"/>
<entry key="94" type="xstring" value="ZW_issuercountrycode"/>
<entry key="95" type="xstring" value="SI_issuercountrycode"/>
<entry key="96" type="xstring" value="IS_issuercountrycode"/>
<entry key="97" type="xstring" value="BY_issuercountrycode"/>
<entry key="98" type="xstring" value="TJ_issuercountrycode"/>
<entry key="99" type="xstring" value="BW_issuercountrycode"/>
<entry key="100" type="xstring" value="BE_issuercountrycode"/>
<entry key="101" type="xstring" value="MK_issuercountrycode"/>
<entry key="102" type="xstring" value="HR_issuercountrycode"/>
<entry key="103" type="xstring" value="VG_issuercountrycode"/>
<entry key="104" type="xstring" value="BD_issuercountrycode"/>
<entry key="105" type="xstring" value="EE_issuercountrycode"/>
<entry key="106" type="xstring" value="BB_issuercountrycode"/>
<entry key="107" type="xstring" value="CW_issuercountrycode"/>
<entry key="108" type="xstring" value="AZ_issuercountrycode"/>
<entry key="109" type="xstring" value="AM_issuercountrycode"/>
<entry key="110" type="xstring" value="DO_issuercountrycode"/>
<entry key="111" type="xstring" value="AI_issuercountrycode"/>
<entry key="112" type="xstring" value="MN_issuercountrycode"/>
<entry key="113" type="xstring" value="TM_issuercountrycode"/>
<entry key="114" type="xstring" value="BZ_issuercountrycode"/>
<entry key="115" type="xstring" value="ME_issuercountrycode"/>
<entry key="116" type="xstring" value="mccredit_txvariantcode"/>
<entry key="117" type="xstring" value="visaclassic_txvariantcode"/>
<entry key="118" type="xstring" value="mcdebit_txvariantcode"/>
<entry key="119" type="xstring" value="visagold_txvariantcode"/>
<entry key="120" type="xstring" value="visaplatinum_txvariantcode"/>
<entry key="121" type="xstring" value="visadebit_txvariantcode"/>
<entry key="122" type="xstring" value="visabusiness_txvariantcode"/>
<entry key="123" type="xstring" value="visa_txvariantcode"/>
<entry key="124" type="xstring" value="visacorporate_txvariantcode"/>
<entry key="125" type="xstring" value="electron_txvariantcode"/>
<entry key="126" type="xstring" value="visasignature_txvariantcode"/>
<entry key="127" type="xstring" value="visapurchasing_txvariantcode"/>
<entry key="128" type="xstring" value="MXN_currencycode"/>
<entry key="129" type="xstring" value="AUD_currencycode"/>
<entry key="130" type="xstring" value="NZD_currencycode"/>
<entry key="131" type="xstring" value="GBP_currencycode"/>
<entry key="132" type="xstring" value="SEK_currencycode"/>
<entry key="133" type="xstring" value="MX_shoppercountrycode"/>
<entry key="134" type="xstring" value="US_shoppercountrycode"/>
<entry key="135" type="xstring" value="CA_shoppercountrycode"/>
<entry key="136" type="xstring" value="AR_shoppercountrycode"/>
<entry key="137" type="xstring" value="IT_shoppercountrycode"/>
<entry key="138" type="xstring" value="NZ_shoppercountrycode"/>
<entry key="139" type="xstring" value="IL_shoppercountrycode"/>
<entry key="140" type="xstring" value="CO_shoppercountrycode"/>
<entry key="141" type="xstring" value="DE_shoppercountrycode"/>
<entry key="142" type="xstring" value="AE_shoppercountrycode"/>
<entry key="143" type="xstring" value="BR_shoppercountrycode"/>
<entry key="144" type="xstring" value="DK_shoppercountrycode"/>
<entry key="145" type="xstring" value="CR_shoppercountrycode"/>
<entry key="146" type="xstring" value="AU_shoppercountrycode"/>
<entry key="147" type="xstring" value="ID_shoppercountrycode"/>
<entry key="148" type="xstring" value="LB_shoppercountrycode"/>
<entry key="149" type="xstring" value="CL_shoppercountrycode"/>
<entry key="150" type="xstring" value="HK_shoppercountrycode"/>
<entry key="151" type="xstring" value="GB_shoppercountrycode"/>
<entry key="152" type="xstring" value="CN_shoppercountrycode"/>
<entry key="153" type="xstring" value="SG_shoppercountrycode"/>
<entry key="154" type="xstring" value="TH_shoppercountrycode"/>
<entry key="155" type="xstring" value="VU_shoppercountrycode"/>
<entry key="156" type="xstring" value="PH_shoppercountrycode"/>
<entry key="157" type="xstring" value="ES_shoppercountrycode"/>
<entry key="158" type="xstring" value="SE_shoppercountrycode"/>
<entry key="159" type="xstring" value="SA_shoppercountrycode"/>
<entry key="160" type="xstring" value="HR_shoppercountrycode"/>
<entry key="161" type="xstring" value="MY_shoppercountrycode"/>
<entry key="162" type="xstring" value="MO_shoppercountrycode"/>
<entry key="163" type="xstring" value="FJ_shoppercountrycode"/>
<entry key="164" type="xstring" value="KW_shoppercountrycode"/>
<entry key="165" type="xstring" value="ZA_shoppercountrycode"/>
<entry key="166" type="xstring" value="IE_shoppercountrycode"/>
<entry key="167" type="xstring" value="IN_shoppercountrycode"/>
<entry key="168" type="xstring" value="VN_shoppercountrycode"/>
<entry key="169" type="xstring" value="KH_shoppercountrycode"/>
<entry key="170" type="xstring" value="IR_shoppercountrycode"/>
<entry key="171" type="xstring" value="AO_shoppercountrycode"/>
<entry key="172" type="xstring" value="TR_shoppercountrycode"/>
<entry key="173" type="xstring" value="TW_shoppercountrycode"/>
<entry key="174" type="xstring" value="JP_shoppercountrycode"/>
<entry key="175" type="xstring" value="NO_shoppercountrycode"/>
<entry key="176" type="xstring" value="FI_shoppercountrycode"/>
<entry key="177" type="xstring" value="KR_shoppercountrycode"/>
<entry key="178" type="xstring" value="MK_shoppercountrycode"/>
<entry key="179" type="xstring" value="IQ_shoppercountrycode"/>
<entry key="180" type="xstring" value="LK_shoppercountrycode"/>
<entry key="181" type="xstring" value="GR_shoppercountrycode"/>
<entry key="182" type="xstring" value="FR_shoppercountrycode"/>
<entry key="183" type="xstring" value="RS_shoppercountrycode"/>
<entry key="184" type="xstring" value="PT_shoppercountrycode"/>
<entry key="185" type="xstring" value="TZ_shoppercountrycode"/>
<entry key="186" type="xstring" value="NL_shoppercountrycode"/>
<entry key="187" type="xstring" value="LU_shoppercountrycode"/>
<entry key="188" type="xstring" value="PG_shoppercountrycode"/>
<entry key="189" type="xstring" value="CK_shoppercountrycode"/>
<entry key="190" type="xstring" value="PF_shoppercountrycode"/>
<entry key="191" type="xstring" value="BG_shoppercountrycode"/>
<entry key="192" type="xstring" value="NG_shoppercountrycode"/>
<entry key="193" type="xstring" value="IM_shoppercountrycode"/>
<entry key="194" type="xstring" value="EG_shoppercountrycode"/>
<entry key="195" type="xstring" value="MW_shoppercountrycode"/>
<entry key="196" type="xstring" value="PL_shoppercountrycode"/>
<entry key="197" type="xstring" value="SD_shoppercountrycode"/>
<entry key="198" type="xstring" value="BN_shoppercountrycode"/>
<entry key="199" type="xstring" value="PK_shoppercountrycode"/>
<entry key="200" type="xstring" value="LT_shoppercountrycode"/>
<entry key="201" type="xstring" value="CH_shoppercountrycode"/>
<entry key="202" type="xstring" value="BH_shoppercountrycode"/>
<entry key="203" type="xstring" value="QA_shoppercountrycode"/>
<entry key="204" type="xstring" value="KE_shoppercountrycode"/>
<entry key="205" type="xstring" value="CY_shoppercountrycode"/>
<entry key="206" type="xstring" value="RO_shoppercountrycode"/>
<entry key="207" type="xstring" value="HU_shoppercountrycode"/>
<entry key="208" type="xstring" value="CD_shoppercountrycode"/>
<entry key="209" type="xstring" value="RU_shoppercountrycode"/>
<entry key="210" type="xstring" value="AT_shoppercountrycode"/>
<entry key="211" type="xstring" value="AZ_shoppercountrycode"/>
<entry key="212" type="xstring" value="UA_shoppercountrycode"/>
<entry key="213" type="xstring" value="BE_shoppercountrycode"/>
<entry key="214" type="xstring" value="BY_shoppercountrycode"/>
<entry key="215" type="xstring" value="MA_shoppercountrycode"/>
<entry key="216" type="xstring" value="JE_shoppercountrycode"/>
<entry key="217" type="xstring" value="GI_shoppercountrycode"/>
<entry key="218" type="xstring" value="OM_shoppercountrycode"/>
<entry key="219" type="xstring" value="GG_shoppercountrycode"/>
<entry key="220" type="xstring" value="CZ_shoppercountrycode"/>
<entry key="221" type="xstring" value="GE_shoppercountrycode"/>
<entry key="222" type="xstring" value="IS_shoppercountrycode"/>
<entry key="223" type="xstring" value="KZ_shoppercountrycode"/>
<entry key="224" type="xstring" value="JM_shoppercountrycode"/>
<entry key="225" type="xstring" value="PE_shoppercountrycode"/>
<entry key="226" type="xstring" value="SL_shoppercountrycode"/>
<entry key="227" type="xstring" value="JO_shoppercountrycode"/>
<entry key="228" type="xstring" value="LV_shoppercountrycode"/>
<entry key="229" type="xstring" value="ZM_shoppercountrycode"/>
<entry key="230" type="xstring" value="CV_shoppercountrycode"/>
<entry key="231" type="xstring" value="DZ_shoppercountrycode"/>
<entry key="232" type="xstring" value="AL_shoppercountrycode"/>
<entry key="233" type="xstring" value="SI_shoppercountrycode"/>
<entry key="234" type="xstring" value="MT_shoppercountrycode"/>
<entry key="235" type="xstring" value="BB_shoppercountrycode"/>
<entry key="236" type="xstring" value="GH_shoppercountrycode"/>
<entry key="237" type="xstring" value="BM_shoppercountrycode"/>
<entry key="238" type="xstring" value="AF_shoppercountrycode"/>
<entry key="239" type="xstring" value="MN_shoppercountrycode"/>
<entry key="240" type="xstring" value="AG_shoppercountrycode"/>
<entry key="241" type="xstring" value="DJ_shoppercountrycode"/>
<entry key="242" type="xstring" value="MD_shoppercountrycode"/>
<entry key="243" type="xstring" value="EE_shoppercountrycode"/>
<entry key="244" type="xstring" value="SN_shoppercountrycode"/>
<entry key="245" type="xstring" value="AM_shoppercountrycode"/>
<entry key="246" type="xstring" value="KN_shoppercountrycode"/>
<entry key="247" type="xstring" value="TT_shoppercountrycode"/>
<entry key="248" type="xstring" value="LY_shoppercountrycode"/>
<entry key="249" type="xstring" value="MU_shoppercountrycode"/>
<entry key="250" type="xstring" value="ZW_shoppercountrycode"/>
<entry key="251" type="xstring" value="MV_shoppercountrycode"/>
<entry key="252" type="xstring" value="SK_shoppercountrycode"/>
<entry key="253" type="xstring" value="KY_shoppercountrycode"/>
<entry key="254" type="xstring" value="NP_shoppercountrycode"/>
<entry key="255" type="xstring" value="PR_shoppercountrycode"/>
<entry key="256" type="xstring" value="CI_shoppercountrycode"/>
<entry key="257" type="xstring" value="GD_shoppercountrycode"/>
<entry key="258" type="xstring" value="MM_shoppercountrycode"/>
<entry key="259" type="xstring" value="BW_shoppercountrycode"/>
<entry key="260" type="xstring" value="MC_shoppercountrycode"/>
<entry key="261" type="xstring" value="BJ_shoppercountrycode"/>
<entry key="262" type="xstring" value="GT_shoppercountrycode"/>
<entry key="263" type="xstring" value="MZ_shoppercountrycode"/>
<entry key="264" type="xstring" value="UG_shoppercountrycode"/>
<entry key="265" type="xstring" value="LC_shoppercountrycode"/>
<entry key="266" type="xstring" value="UZ_shoppercountrycode"/>
<entry key="267" type="xstring" value="BD_shoppercountrycode"/>
<entry key="268" type="xstring" value="BS_shoppercountrycode"/>
<entry key="269" type="xstring" value="TM_shoppercountrycode"/>
<entry key="270" type="xstring" value="SC_shoppercountrycode"/>
<entry key="271" type="xstring" value="HN_shoppercountrycode"/>
<entry key="272" type="xstring" value="ME_shoppercountrycode"/>
<entry key="273" type="xstring" value="BO_shoppercountrycode"/>
<entry key="274" type="xstring" value="BA_shoppercountrycode"/>
<entry key="275" type="xstring" value="AX_shoppercountrycode"/>
<entry key="276" type="xstring" value="Ecommerce_shopperinteraction"/>
<entry key="277" type="xstring" value="ContAuth_shopperinteraction"/>
<entry key="278" type="xstring" value="POS_shopperinteraction"/>
<entry key="279" type="xstring" value="TRUE_cardverificationcodesupplied"/>
<entry key="280" type="xstring" value="FALSE_cardverificationcodesupplied"/>
<entry key="281" type="xstring" value="0_cvcresponsecode"/>
<entry key="282" type="xstring" value="1_cvcresponsecode"/>
<entry key="283" type="xstring" value="3_cvcresponsecode"/>
<entry key="284" type="xstring" value="5_cvcresponsecode"/>
<entry key="285" type="xstring" value="2_cvcresponsecode"/>
</config>
<config key="target">
<entry key="array-size" type="xint" value="1"/>
<entry key="0" type="xstring" value="simple_journal"/>
</config>
</config>
